text,label
Coba yg Yono atau Mustafa brebet yg meluk langsung kena pasal Pel3cehan engga sih 😂😂,non_spam
"Tapi gua liat ini pascol gk pandai memainkan peran sih, harusnya kan bisa di imbangi seperti contoh, pas emosi pura² bikin gestur cabut pedang seolah dia mau menyabet si frimawan kan bisa lebih seru😂😂",non_spam
"Undang deswin dong suci 7,yg orang BNN,mau tau expresinya prazzzteguuhhh😅😅😅",non_spam
"Request dong bang,, 3 minggu yg lalu Dr,Darwin Nunez Udh Dateng 👍 Episode selanjutnya undang Moh,Salah donk 🙏🏻😊😁",non_spam
"Sumpah tadi nyabet gk mau comen tapi ,,emang gila sih ni  pod hub,,😁😁😁",non_spam
"Bang mie ayam nya bingung+takut...di pikiranya ""ni orang kesambet apa""🤣🤣",non_spam
"Gak akan pernah langgeng klo beda 4gama . Yakin dah. Krm ini baru pacaran, pas udeh nikah berbeda loh ibot n pacarnya.. Lihat aja jam4l mird4d dn lydia kandou. Agama manapun tdk mengajarkan beda agama",non_spam
"""punya hubungan beda agama ga seribet itu""   Setuju gua bot. Gua masuk tahun ketiga punya hubungan beda agama. Perdebatan banyak banget, tapi kalo ga sama dia gabisa 🥲",non_spam
"ih klo msh gmau rahasia diri sendiri kebongkar gausah ngebet pgn jd artis/temanan sm artis ya, ganyaman bgt dliat):",non_spam
"Ah tydack asyique, tydack ada baginda lord paduka TePe69",non_spam
kalau mau ngebet ngebet ke luar negeri 25 juta aja la perhari  bandar luar liatin gue semua,non_spam
arap ngebet bgt jadi china,non_spam
makanya lembet banget,non_spam
Rakossss polllllll situs jembot,non_spam
Bang coba beli mainan atau apalah di situs darkweb,non_spam
"Da, kebetulan pas banget saya lagi mkn juga nnton vlog ini dan menu nya jg kebetulan sama rendang ayam pas bgt kyk yg uda makan, saya tiap hari beli lauk ayam rendang dan ayam bumbu khas org bukittinggi yang jual nya. Gk ada obat sih da ayam rendang nya, lokasi di Tanjung Pinang yg prnh uda kunjungi dulu tepatnya uda vlog di Akau👍 Mantap uda sehat2 sllu, salut ama porsi makan nya da😂👍",non_spam
Semoga dagangan mpokk laris setelah di kunjungi tanboy kun 😊😊🎉,non_spam
Kuliner pedagang kecil wajib di kunjungi juga bang tanboykun👍🏻,non_spam
Restoran yang dikunjungin bang bara: 💀mati gwe💀,non_spam
Daftar tempat yang di kunjungi Tan boy di padang https://youtu.be/kuyIYyXGPTo,non_spam
"🌺ALEXIS🌺1.7🌺 bikin hati meleleh, gemes banget!",spam
"Main santai, hasil mantap. Cuma di 𝘼𝙧𝙬𝙖𝙣𝙖𝙩𝙤𝙩𝙤! 🏆🏆🏆🏆",spam
ˢᶦⁿᵍᵍᵃˢᵃⁿᵃ⁸⁸ !! Top Banget 🔥 💰👍👍,spam
Plot twist bgt njir🗿🗿😭😭😭 nagamastoto,spam
maxwin beneran gua diGaruda-hoki😮,spam
yang belum rasain maxwin GA RU DA SATU TIGA DELAPAN..Sudah Pasti Jepe💗,spam
Bapak si Bayu pasti bangga maxwin di ≋𝐃𝙀 𝙒𝘼𝘿𝙊 𝙍𝐀≋,spam
Anita maxwin,spam
"Endingnya mindblowing banget bang bara wkwk  ""Lumayan 50buat depo"" Siapa tau maxwin meleduk x1000 kakek zeus hahaha",spam
🔥PuIauwin🔥 menyala,spam
🔥PuIauwin🔥 top,spam
🔥 PuIauwin 🔥 makwin x2,spam
🔥PuIauwin 🔥 100% dibayar,spam
🔥 PuIauwin 🔥 bonus besar,spam
🔥 PuIauwin 🔥 wede banyak,spam
🔥 PuIauwin 🔥 nomero uno,spam
🔥 PuIauwin🔥 Dijamin Wede 100%,spam
"Bukan ngebet, tapi nyaman di P͟͟U͟͟L͟͟A͟͟U͟͟W͟͟I͟͟N͟͟?",spam
pertama kali main di 𝗲𝘀𝗰𝗼𝗯𝗮𝗿𝘁𝗼𝘁𝗼 dan langsung main ehh malah beneran di kasih sama mahjong,spam
"Langsung WD aja nih dari А𝐆𝑈𝘚𝐓𝘖TO, lumayan buat jajan! 😜 🤪",spam
Gokil parah! WD lagi-lagi di PuIauwin.,spam
"PuIauwin bikin untung tiap hari, WD jalan terus!",spam
promo depo 20 jadi 30 NAGAMASTOTO裏,spam
"Kunyahannya berirama, plating-nya menggoda… ini konten atau iklan makanan yang dibikin sama tim kuliner 𖤐𝗣𝗦𝗧𝗢𝗧𝗢𝟵𝟵 𖤐 ?? 😩🍱",spam
aku pertamanya ragu sampai coba di 64RUDA138 baru tahu ini yang bagus selama ini 💋💋💋,spam
Makin ramai makin seru! Yuk bareng ke ◉✿ 𝓐𝓻𝔀𝓪𝓷𝓽𝓸𝓽𝓸 👻💞,spam
JANGAN LUPA CARI DI GOOGLE 懶BERKAH99 懶,spam
YALLAH SEHA T SEHAT YA MAMA_SHANUM777,spam
GES JANGAN NYOBA SEARCH GOOGLE PuIauwin YA!,spam
FOYA-FOYA juga seru banget gara-gara PuIauwin,spam
🥰Ga r uda hoki..Berbagi Frebet brow!! gass,spam
"Gokil, semua orang jadi kepo ke ＰｕｌａｕＷｉｎ",spam
Kata Pulau𝖶𝗂𝗇 jadi pusat perhatian,spam
Kayak ada rahasia tersembunyi di Pulau𝑾𝒊𝒏,spam
Scroll sebentar langsung liat Pulau𝒲𝒾𝓃,spam
Ada aura misteri di kata Pulau𝖶𝗂𝗇,spam
Jadi tren baru kata Pulau𝒲𝒾𝓃,spam
Aku mikir keras arti dari ＰｕｌａｕＷｉｎ,spam
Kayak ada hype sendiri di kata Pulau𝑾𝒊𝒏,spam
Adegan ngeri tapi aku mikirin ＰｕｌａｕＷｉｎ,spam
Mata langsung ke ＰｕｌａｕＷｉｎ,spam
Kata ＰｕｌａｕＷｉｎ muncul kayak easter egg,spam
Seremnya kalah sama kata Pulau𝖶𝗂𝗇,spam
Setiap scroll pasti keliatan kata ＰｕｌａｕＷｉｎ,spam
Jadi penasaran sama asal-usul kata Pulau𝒲𝒾𝓃,spam
"Semua mata ke layar, mataku ke ＰｕｌａｕＷｉｎ",spam
Ada vibe aneh pas baca kata Pulau𝑾𝒊𝒏,spam
Horornya kalah sama misteri kata Pulau𝖶𝗂𝗇,spam
Kata ＰｕｌａｕＷｉｎ bikin merinding sendiri,spam
Beneran auto fokus ke ＰｕｌａｕＷｉｎ,spam
Sumpah kata ＰｕｌａｕＷｉｎ bikin kepo sendiri,spam
Ada magnet tersendiri di kata Pulau𝒲𝒾𝓃,spam
Ada yg sadar kata Pulau𝖶𝗂𝗇 muncul terus di kolom komentar,spam
Kata Pulau𝑾𝒊𝒏 ini vibesnya aneh banget,spam
Aku malah fokus ke kata ＰｕｌａｕＷｉｎ daripada adegannya,spam
wkwk Ｐｕｌａｕｗｉｎ nongol mulu,spam
vibesnya kyk Ｐｕｌａｕｗｉｎ sumpah,spam
𝓹𝓾𝓵𝓪𝓾𝔀𝓲𝓷 lagi rame bgt ya,spam
eh ini bukan Ｐｕｌａｕｗｉｎ ya 😅,spam
00:50 btw ini bukan dr 𝕡𝕦𝕝𝕒𝕦𝕨𝕚𝕟 kan 😅,spam
02:45 kayak vibes 𝓹𝓾𝓵𝓪𝓾𝔀𝓲𝓷 banget sih 😅,spam
Kata ＰｕｌａｕＷｉｎ bikin vibes mistis,spam
Kata Pulau𝒲𝒾𝓃 bikin komen auto standout,spam
Semakin banyak yg nyebut Pulau𝑾𝒊𝒏 makin rame,spam
Kata Pulau𝖶𝗂𝗇 kayak jadi simbol di komen,spam
"Filmnya horor, komennya misteri ＰｕｌａｕＷｉｎ",spam
Kayak ada hype tersendiri di kata Pulau𝒲𝒾𝓃,spam
Semakin dilihat makin nempel kata ＰｕｌａｕＷｉｎ,spam
Kayak kode misterius kata Pulau𝒲𝒾𝓃,spam
Semua jadi penasaran sama Pulau𝖶𝗂𝗇,spam
Ga tau kenapa tapi kata ＰｕｌａｕＷｉｎ nagih,spam
Setiap komen kok ada aja ＰｕｌａｕＷｉｎ,spam
Mata auto berhenti di kata Pulau𝖶𝗂𝗇,spam
Kata Pulau𝒲𝒾𝓃 udah kayak simbol rahasia,spam
Siapa yang pertama kali nyebut ＰｕｌａｕＷｉｎ,spam
🔥 PuIauwin 🔥 bagi bagi freebet,spam
🔥 PuIauwin 🔥 ribuan member,spam
🔥 PuIauwin 🔥 no tipu tipu,spam
🔥 PuIauwin🔥 Bonus Newmember,spam
🔥 PuIauwin 🔥 gampang Menang,spam
"Mantapppp x main di sini bray , Cari aja 𝗲𝘀𝗰𝗼𝗯𝗮𝗿𝘁𝗼𝘁𝗼 di Google",spam
Aku kesini karna seselibet video cello make obat demam wkwkw. Mikir keras tuh apa merk nya lah rupanyaaaa wkwkwk,spam
𝓹𝓮𝓷𝓼𝓲𝓵𝓽𝓸𝓽𝓸 𝓮𝓶𝓪𝓷𝓰 𝓰𝓲𝓵𝓪,spam
Nemenin ngopi sore sambil santai bareng ＰⓤＬＡＵＷＩＮ tuh enak banget.,spam
rachel pikmibet 😊,spam
claim freebet,spam
Kirain klikbet,spam
"Wkwk tengah malem nontonin podcast ini , ketawa"" sendiri dikira orang rumah kesambet😂",spam
req koh delwin,spam
Biasanya dari awal nonton liat tamu pengen ha ha ha ha ha. Ini dari awal sampai akhir liat frimawin uwahahahahahaahahah😂,spam
spill sumber keuanganku ada di BERKAH99爐 MENYALA,spam
"02:30ＰⓤＬＡＵ777, tempatnya peluang besar",spam
Di kolom komentar YouTube pun netizen sering mention ⓟⓤⓛⓐⓤⓦⓘⓝ.,spam
"𝑷𝒖𝒍𝒂𝒖𝒘𝒊𝒏 ada di mana-mana, kayak bagian dari budaya pop.",spam
Lo tau gak kenapa netizen rame banget ngomongin ⓟⓤⓛⓐⓤⓦⓘⓝ?,spam
"Loe pernah googling gak sih 𝓟𝓾𝓵𝓪𝓾𝔀𝓲𝓷? Gue udah nyoba, masih aja bingung.",spam
"Tiap scroll feed explore, selalu ada 𝓟𝓾𝓵𝓪𝓾𝔀𝓲𝓷 muncul.",spam
Cuitan tentang 𝕻𝖚𝖑𝖆𝖚𝖜𝖎𝖓 makin hari makin banyak.,spam
Gue sampe nulis di Google “𝘗𝘶𝘭𝘢𝘶𝘸𝘪𝘯 itu apaan” tapi hasilnya random semua.,spam
Semua tongkrongan kekinian pasti udah kenal 𝕻𝖚𝖑𝖆𝖚𝖜𝖎𝖓.,spam
semoga kamu sembuh ya@mama_shanum777,spam
"""modal akhir 20rebu coba bet kecil di sigmatoto pecah 3jt bang",spam
"masa iya kalah terus, makanya ke Arjunawin aja yuuk",spam
"Hati"" gara konten gini nanti diabet sama kolestrol bang",spam
Mustofa brebet wajib,spam
"Lagi belanja di minimarket, kasirnya nyebut 𝓟𝓾𝓵𝓪𝓾𝔀𝓲𝓷 sambil senyum-senyum",spam
"Sebenarnya host yg memperibet semuanya, dia mah cuman crita doang, knp sih nggak paham"" , pantesan bang Ari kek emosi gt, kyk respect nya kurang yg lain mah mentang"" masih kecil tamunya dan itu Fajar ya Allah..",spam
"Modal kecil, untung besar, cuma di АG𝐔𝐒T𝙊𝐓𝑂. Mantap banget! 😘 😗",spam
"Alhamdulillah, rezeki lancar jaya berkat АG𝐔S𝐓𝙊TO! 😏 😒",spam
"Mantap pol main di А𝘎𝑈𝘚T𝙊𝙏𝘖, cuan terus setiap hari! 😗 😘",spam
Pengen cepat kaya? Langsung coba di АG𝐔𝙎𝙏𝘖𝘛𝘖 dan rasain jakpotnya! 😬 😟,spam
"Aq lihat fajar di setiap pscd dia tuh nenius loh apa aja umoan dia vepet nyambet nya dan langsung jadi bahan ,gak oake lama mikir nya langsung jadi allah memberikan fia kelebihan otak yg cerdas dan kepribadian baik,hati yg peka",spam
"ya allah ,aku mpe bengek ketawin fajar, 😂",spam
asik banget tawatoto-88,spam
Goodwin Shoals,spam
gimana mau kurang ajar sama bapak saya dok bapak saya aja meninggal di 2020 kena pembulu darahnya gara gara diabet sama darah tinggi waktu saya kelas 3 lagi dok meninggalnya,spam
Alhamdulillah sampe skrg gak begitu suka minuman manis Takut banget ke diabet,spam
Tmn in g ditawarin makanan y cowok kurang perhatian loh tirta ini ma cewek.. ih bilang tawarin makanan enk ya disana bisa  bahagia nombok ak begini tirta saya g senang cowok kurang perhatian..sedangkan beribet itu cowok banyak nebeng g ah.l hobi lalai cewek  in bikin emosi  cew naik.tersumbat mulut  aji g bisa omng apa apa lagian aji kurang  di sayang... ma ayang nya lo tita n tirta kerja sama in hati agar rasa kerja itu gampang  g emosi bisa kita rangkum omngn yg baik g koar teriak teriak..bikin contoh baik buat ank masih kecil.. ap laGi ap ak ya hem.cek cek sensitif..pancar di pacari ke terusan keenkan g mau lepas cewek ..ngmnk gini nika h. Bukan aku tp tmn u   mungkin bunting jgn dicontoh pacaran dirumh kos bareng cewek laporin pak rt kita kan ank berpendidikan jadi pacaran jelas gt...cewek an..ngeri pake make up mirip setan. Putih ngerix...,spam
"kerenn, anw stay healty for your diabet kak Abdi🙏",spam
Mukbang mie aceh abue dong bang ditebet enak banget bang rasanya,spam
"Cuan gak ada abisnya, cuma di PuIauwin.",spam
"Tinggal nunggu lambung nyah kena,rembet dah ke yang lain Modar lu AMIN",spam
Ini orang ga kena diabet apa ya,spam
"Sungguh luar biasa dan bikin nagih! 64RUDA138 membuat ketagihan yang tak  tertahankan, sangat sulit untuk berhenti bermain! 😆 😂",spam
Pertimbangkan untuk menjelajahi АE𝐑𝙊𝟖𝟾 jika Anda menghargai komunitas dan rasa memiliki. 🥴 🤤,spam
modal 50k jadi 500k makasi PuIauwin,spam
heran dimana mana ada PuIauwin,spam
Vior cntk sih vior khawin sama gua aja,spam
Ya Alloh..disangka q ini kesambet..bnyak orang NIH...lagi pda serious..PDA liatin q YG ngakak g bisa ditahan smpe nangissss,spam
"bres ini kena diabet om ded,,ngadepin 2 orang ini",spam
jangan sampe kemakan marawin khas kalimantan,spam
Ni orang ga punya diabet atau kolesterol gitu??😮,spam
"pecah bet anjjjj wkwkwk, pertama kali gw liat praz ketawa sampe ngik ngik muka merah selain sama darwin",spam
"Ceuk si emang baksona  ""astagfirulloh ieu budak ka sambet nanahaon"" 😁",spam
mantap mekswin lagi di 5unsur,spam
Game alphabet 5858,spam
Bermuram durja si Boris kerna Jirayut diajak khawin sama cinta hatinya,spam
Sekarang kantong gw tebel berkat cuan dari 5𝐔𝐍𝐒𝐔𝐑. Emang situs ladang cuan terbaik... pantesan aja ini tempat kaya 5𝐔𝐍𝐒𝐔𝐑 bisa VIRAL🔥🔥🔥🔥,spam
Situs nya bantu orang pasti tapi yg mkn keter laluan mkn nya ok Meskipun pecinta mkn y ojo rks rks lah 😂😂😂,spam
gamau banyak bacot gua bang nanti di kira sales wkwk gua cuman mau share situs ⚡ PLAZABOLA ⚡ yang sering gua mainin itu gacor,spam
Lelah scroll-scroll cari situs gacor Cukup buka 𝐓𝐊𝐏𝟑𝟎𝟑,spam
KEREN BET LIKE KOMEN SITUS JUDOL😂,spam
apa bener ya situs cm88bets lagi gacor temen saya main menang 2jt,spam
bonus dan rollingan terbesar saat ini cuma di situs totospin yang merupakan situs gacor terpercaya,spam
𝟐𝟓𝐊𝐁𝐄𝐓 SITUS PEMERSATU BANGSA,spam
𝟐𝟓𝐊𝐁𝐄𝐓 SITUS RESMI KOMDIGI,spam
bang hati hati ada kata BERKAH99itu situs judil,spam
"Udah main di banyak situs, cuma MAMAJITU yang bener-bener terbukti aman &amp; bayar.",spam
"gila ya judol, ada aja ide nya buat promosi dengan cara menggunakan nama situs nya di user name youtube",spam
yg komen bnyk akun situs judol,spam
Situs mana yg bisa kasih rtp bagus ? rtp tertinggi hanya di *J4V4L4ND 88*,spam
Situs paling enak banget dan mudah menang hanya 🟢 ... 🟢,spam
Situs pemberi cuan setiap hari 2026 hanya ⚡ ... ⚡,spam
Bingung Cari Situs Poker & Domino Online Yang Memberikan Kemenangan Besar ? Daftar Sekarang Juga di VIPBANDARQ Minimal Deposit Hanya Rp 20.000,spam
"Disini malah lebih bagus klarifikasinya dibanding di media lain... tiap buka sosmed atau situs berita suka kesel statement pejabatnya.  Mas Wapres ketika bahas Mbg nyontohin jga disini cara bkin statement dan klarifikasi yg bner,, ini mah pejabat lain malah nyalahin siswa yg upload mbg yg nasinya basi.",spam
lagi seru seru nya liat iklan situs 𝐏 𝐒 𝐓 𝐎 𝐓 𝐎 𝟗 𝟗,spam
kapan kolaborasi sama situs 𝐏 𝐒 𝐓 𝐎 𝐓 𝐎 𝟗 𝟗,spam
gw baru nemuin situs 𝐏 𝐒 𝐓 𝐎 𝐓 𝐎 𝟗 𝟗 berkat pajar sadboy,spam
pajar tadi malem keciduk main di situs 𝐏 𝐒 𝐓 𝐎 𝐓 𝐎 𝟗 𝟗,spam
bosen miskin sini merapat ke situs 𝐏 𝐒 𝐓 𝐎 𝐓 𝐎 𝟗 𝟗,spam
pantang kalah silahkan dicoba dan buktikan auto cuan dan mudah menang hanya di situs totospin,spam
"Menurut gue frimawan ini sangat logic dalam  berkarakter, dia memainkan makna sebuah kata2 tanpa melibatkan kalimatnya !! pokoknya mind blowing asli 🗯🗯 cek link di google *DOYOKJP*",spam
gilak banyak yg promo situs judol d sini om ded,spam
om ded klo bisa itu di laporkan situs² judol,spam
█DEWADORA█ solusi situs tergokil,spam
Bebek enakk makan sambil main di Situs Jowoslot,spam
Situs Bagi Bagi Rezeki $ INTER303,spam
main di situs cm88bets sudah pasti banyak untung dan bonus yang melimpah,spam
nih guys situs cm88bets situs resmi tanpa seting seting admin gila,spam
“Satu-satunya situs yang bikin betah. *DOYOKJP* selalu di hati!”,spam
"Situs kebanggaan emang beda🔥 N A G A M A S T O T O 🔥, bonus nya jga mantap",spam
gokil ini situs cm88bets baru daftar deposit petama langsung dikasih JP,spam
buset situsPU L AU 7 7 7 Pusing Gegara gw absi menang gedeee,spam
ini garuda hoki beneran situs resmi thailand kah broo? pantesan gachor,spam
Pod hub curi logo situs bokep,spam
"“MINI1221 tuh bukan sekadar situs, ini tempat cari cuan asli.”",spam
Udah coba banyak tempat tapi MINI1221 paling mantul! Ga nyangka bakal sering menang jadi ketagihan! Gk nyesel main disitus ini❤,spam
Di kasih profit bang main di ♥ 𝐉𝐞𝐭𝟖𝟖𝐛𝐞𝐭  ♥baru nyobain juga main di situs nya,spam
01:11 𝐒𝐋𝐎𝐓𝟐𝟖𝟖 adalah situs yang selalu memberikan kejutan.,spam
"di indonesia jangan kan fetish ketek,fetish katak pun ada....,tapi yg melakukan nya cewe...,he3x,cari aja tuh di situs2 'fun taste tease' alias situs?????,kata nya dasha suka cowo manis..,berarti dia harus ngerasain dulu dong rasa nya manis apa ga cowo tersebut?,beginilah jadi nya kata2 manis di gunakan ke hal yg lain,padahal kata manis itu hanya di gunakan pada indra perasa saja,tapi begitulah,tidak di indonesia saja tapi juga di luar negeri....,DASHA....,KAMU ITU 'BEE YOU TEA FULL'....",spam
main di situs cm88bets mudah menang dan jaminan jackpot yang menggiurkan,spam
yuk gabung di situs totospin situs yang mudah scaternya dan mudah profit,spam
depo 10.000 menang 500.000++ hanya di situs totospin,spam
kenapa ga dari dulu tau situs cm88bets modal kecil bisa wd jutaan,spam
"silahkan dicoba situs cm88bets anti rungkad, rtp akurat dan mudah JP",spam
agen situs totospin terpercaya modal kecil bisa jadi jutawan cuma 5 menit buktikan sendiri,spam
gak cuman omongan doang di situs 𝐙𝐎𝐎𝐌𝟓𝟓𝟓 sudah banyak memberikan bukti kalo main di situs ini selalu bikin aku happy,spam
"Gue udah coba banyak situs, tapi 퐌퐀퐗퐖퐈퐍퐁퐎퐒 beneran the best sih!  baru kali ni betah sama 1 web asleeeeeeeeee",spam
depo 10.000 menang 500.000 ++ hanya di situs totospin,spam
04:15 𝐒𝐋𝐎𝐓𝟐𝟖𝟖 memberikan pengalaman bermain yang aman dan terpercaya.,spam
𝗛𝗢𝗞𝗜𝗕𝗢𝗦𝟴𝟵𝟴 PARTNER GAME ONLINE AMAN DAN TERPERCAYA,spam
"Nggak salah langkah, 𝘼𝙇𝙀𝙓𝙄𝙎17 sukses bantu banyak orang.",spam
"Begitu pakai, baru ngerti kenapa 🚩𝘼𝙇𝙀𝙓𝙄𝙎17🚩 dipuji banyak orang.",spam
